04.06.2021;Arina;Andreeva;Mikhailovna;Gabes;Tunisia
24.08.2021;Mikhail;Astafiev;Daniilovich;Frisco;USA
06.04.2021;Pavel;Biryukov;Glebovich;Vitoria;Spain
03.06.2021;Maya;Boldyreva;Mikhailovna;Jurmala;Latvia
07.10.2021;Andrey;Borisov;Artyomovich;Nagpur;India
24.09.2021;Konstantin;Bocharov;Ilyich;Situe;Myanmar
08.03.2021;Artyom;Bykov;Andreevich;Sumy;Ukraine
15.04.2021;Mikhail;Vavilov;Egorovich;Nosiromachi;Japan
23.08.2021;Artyom;Vinogradov;Andreevich;Taylorsville;USA
24.05.2021;Sofia;Vladimirova;Dmitrievna;Narnaul;India
21.05.2021;Vera;Volkova;Stepanovna;Torquay;GreatBritain
14.10.2021;Valeria;Volkova;Konstantinovna;Eldoret;Kenya
08.10.2021;Gleb;Vorobiev;Fedorovich;Catanzaro;Italy
04.08.2021;Yaroslav;Vorobiev;Matveevich;Mannargudi;India
10.06.2021;Victor;Golubev;Viktorovich;Targuvek;Poland
28.06.2021;Milana;Golubeva;Savelievna;Monklova;Mexico
02.11.2021;Maxim;Gorshkov;Ivanovich;Stamford;USA
29.07.2021;Alexander;Goryunov;Nikolaevich;Messina;Italy
05.03.2021;Egor;Grishin;Konstantinovich;Frankfurt;Germany
10.08.2021;Veronica;Dementieva;Yaroslavovna;Imaiti;Japan
22.07.2021;Artyom;Demidov;Mikhailovich;Baraki;Algeria
06.07.2021;Artemy;Dorokhov;Alekseevich;Cannes;France
08.11.2021;Polina;Ermolaeva;Ilinichna;Chandozi;India
11.10.2021;Olesya;Ershova;Fedorovna;Foshan;China
22.09.2021;Alexander;Zhdanov;Stepanovich;Bournemouth;GreatBritain